﻿[
    {
        "timestamp":  "2025-08-06T06:36:22.9304508+02:00",
        "message":  "as84893 edited alert SG9TNX"
    },
    {
        "timestamp":  "2025-08-06T06:36:25.5630117+02:00",
        "message":  "as84893 edited alert SG9TNX"
    },
    {
        "timestamp":  "2025-08-06T06:36:28.3562795+02:00",
        "message":  "as84893 edited alert SG9TNX"
    },
    {
        "timestamp":  "2025-08-06T06:36:31.3525702+02:00",
        "message":  "as84893 edited alert SG9TNX"
    },
    {
        "timestamp":  "2025-08-06T06:36:33.6459503+02:00",
        "message":  "as84893 edited alert SG9TNX"
    },
    {
        "timestamp":  "2025-08-06T06:36:36.6898909+02:00",
        "message":  "as84893 edited alert SG9TNX"
    },
    {
        "timestamp":  "2025-08-06T06:36:39.0157298+02:00",
        "message":  "as84893 edited alert SG9TNX"
    },
    {
        "timestamp":  "2025-08-06T06:36:41.9507609+02:00",
        "message":  "as84893 edited alert SG9TNX"
    },
    {
        "timestamp":  "2025-08-06T06:36:44.4972492+02:00",
        "message":  "as84893 edited alert SG9TNX"
    },
    {
        "timestamp":  "2025-08-06T06:36:54.7453588+02:00",
        "message":  "as84893 edited alert SG9TNX"
    },
    {
        "timestamp":  "2025-08-06T06:36:58.5867953+02:00",
        "message":  "as84893 edited alert SG9TNX"
    },
    {
        "timestamp":  "2025-08-06T06:37:00.4066920+02:00",
        "message":  "as84893 edited alert SG9TNX"
    },
    {
        "timestamp":  "2025-08-06T06:37:03.7837865+02:00",
        "message":  "as84893 edited alert SG9TNX"
    },
    {
        "timestamp":  "2025-08-06T06:37:06.6911456+02:00",
        "message":  "as84893 edited alert SG9TNX"
    },
    {
        "timestamp":  "2025-08-06T06:37:10.5440076+02:00",
        "message":  "as84893 edited alert SG9TNX"
    },
    {
        "timestamp":  "2025-08-06T06:37:14.5362760+02:00",
        "message":  "as84893 edited alert SG9TNX"
    },
    {
        "timestamp":  "2025-08-06T06:41:00.9730532+02:00",
        "message":  "as84893 edited alert SG9TNX"
    },
    {
        "timestamp":  "2025-08-06T06:41:08.7965864+02:00",
        "message":  "as84893 edited alert SG9TNX"
    },
    {
        "timestamp":  "2025-08-06T06:41:33.5156929+02:00",
        "message":  "as84893 edited alert SG9TNX"
    },
    {
        "timestamp":  "2025-08-06T06:42:23.6719149+02:00",
        "message":  "as84893 edited alert SG9TNX"
    },
    {
        "timestamp":  "2025-08-06T06:42:33.6825031+02:00",
        "message":  "as84893 edited alert SG9TNX"
    },
    {
        "timestamp":  "2025-08-06T06:49:32.4929101+02:00",
        "message":  "as84893 added alert FE25FV"
    },
    {
        "timestamp":  "2025-08-06T06:49:57.3774014+02:00",
        "message":  "as84893 edited alert FE25FV"
    },
    {
        "timestamp":  "2025-08-06T06:49:59.0501615+02:00",
        "message":  "as84893 edited alert FE25FV"
    },
    {
        "timestamp":  "2025-08-06T06:50:00.9468220+02:00",
        "message":  "as84893 edited alert FE25FV"
    },
    {
        "timestamp":  "2025-08-06T06:50:02.7619383+02:00",
        "message":  "as84893 edited alert FE25FV"
    },
    {
        "timestamp":  "2025-08-06T06:50:05.4516741+02:00",
        "message":  "as84893 deleted alert FE25FV"
    },
    {
        "timestamp":  "2025-08-06T07:16:58.9423838+02:00",
        "message":  "as84893 edited alert SG9TNX"
    },
    {
        "timestamp":  "2025-08-06T07:17:08.0769222+02:00",
        "message":  "as84893 edited alert SG9TNX"
    },
    {
        "timestamp":  "2025-08-06T18:33:38.9372130+02:00",
        "message":  "as84893 added answer to alert SG9TNX"
    },
    {
        "timestamp":  "2025-08-06T18:34:13.9025885+02:00",
        "message":  "as84893 edited answer to alert SG9TNX"
    },
    {
        "timestamp":  "2025-08-06T21:28:59.5134711+02:00",
        "message":  "as84893 generated a single-use code"
    },
    {
        "timestamp":  "2025-08-06T21:29:19.0303141+02:00",
        "message":  "as84893 generated a single-use code"
    },
    {
        "timestamp":  "2025-08-06T21:30:37.9729305+02:00",
        "message":  "as84893 edited answer to alert SG9TNX"
    },
    {
        "timestamp":  "2025-08-06T21:32:55.2737657+02:00",
        "message":  "as84893 generated exam 6d809a0f-5b75-42d7-a344-619170ee54f7 for examinee wm24235"
    },
    {
        "timestamp":  "2025-08-06T21:34:24.8490168+02:00",
        "message":  "as84893 deleted exam data"
    },
    {
        "timestamp":  "2025-08-06T21:34:30.9342246+02:00",
        "message":  "as84893 deleted exam data"
    },
    {
        "timestamp":  "2025-08-06T21:35:11.4216101+02:00",
        "message":  "as84893 generated exam 08299884-027b-4c6e-8ba3-668f9c405750 for examinee wm24235"
    },
    {
        "timestamp":  "2025-08-06T21:35:52.7777123+02:00",
        "message":  "as84893 generated a single-use code"
    },
    {
        "timestamp":  "2025-08-06T21:36:36.1155878+02:00",
        "message":  "as84893 generated a single-use code"
    },
    {
        "timestamp":  "2025-08-06T22:16:23.7389322+02:00",
        "message":  "as84893 edited answer to alert SG9TNX"
    },
    {
        "timestamp":  "2025-08-06T22:16:40.4017298+02:00",
        "message":  "as84893 edited answer to alert SG9TNX"
    },
    {
        "timestamp":  "2025-08-06T22:17:07.6724467+02:00",
        "message":  "as84893 edited answer to alert SG9TNX"
    },
    {
        "timestamp":  "2025-08-06T22:31:24.0690224+02:00",
        "message":  "as84893 added answer to alert DWAE2F"
    },
    {
        "timestamp":  "2025-08-06T22:40:17.1379110+02:00",
        "message":  "as84893 assessed exam of wm24235"
    },
    {
        "timestamp":  "2025-08-06T22:51:40.7364395+02:00",
        "message":  "as84893 generated exam 75513525-ba5e-4459-af00-d5f9aaa08e03 for examinee as84893"
    },
    {
        "timestamp":  "2025-08-06T22:55:35.9546465+02:00",
        "message":  "as84893 deleted exam data"
    },
    {
        "timestamp":  "2025-08-06T22:56:03.6062833+02:00",
        "message":  "as84893 generated exam 25794adc-b079-4fdd-876b-a743a19ca9c3 for examinee Wiktoria"
    },
    {
        "timestamp":  "2025-08-07T06:35:30.9292004+02:00",
        "message":  "as84893 generated exam 095bd7dc-54dd-4e82-aecd-799ef6a435e0 for examinee wojtek"
    },
    {
        "timestamp":  "2025-08-07T06:37:54.7496756+02:00",
        "message":  "as84893 edited answer to alert SG9TNX"
    }
]
