﻿[
    {
        "Timestamp":  "2025-08-06T22:40:16.3878776+02:00",
        "ExamID":  "08299884-027b-4c6e-8ba3-668f9c405750",
        "ExamineeID":  "wm24235",
        "QuestionID":  "SG9TNX",
        "InputType":  true,
        "ListEntry":  true,
        "Rationale":  true,
        "Disposition":  true,
        "Mishandle":  false,
        "Points":  4,
        "TotalPoints":  20,
        "Comments":  "Entity vs Entity | Escalation\nNot So Dark. Different name components. Inexact.",
        "Category":  "10",
        "Difficulty":  "easy",
        "Examiner":  "labubu",
        "ExamDate":  "2025-08-06 21:35:11"
    },
    {
        "Timestamp":  "2025-08-06T22:40:17.0856874+02:00",
        "ExamID":  "08299884-027b-4c6e-8ba3-668f9c405750",
        "ExamineeID":  "wm24235",
        "QuestionID":  "DWAE2F",
        "InputType":  true,
        "ListEntry":  true,
        "Rationale":  true,
        "Disposition":  true,
        "Mishandle":  false,
        "Points":  4,
        "TotalPoints":  20,
        "Comments":  "Test answer, no dropdowns",
        "Category":  "SSI",
        "Difficulty":  "easy",
        "Examiner":  "labubu",
        "ExamDate":  "2025-08-06 21:35:11"
    },
    {
        "Timestamp":  "2025-08-06T22:40:17.0866917+02:00",
        "ExamID":  "08299884-027b-4c6e-8ba3-668f9c405750",
        "ExamineeID":  "wm24235",
        "QuestionID":  "S37JJB",
        "InputType":  true,
        "ListEntry":  true,
        "Rationale":  true,
        "Disposition":  true,
        "Mishandle":  false,
        "Points":  4,
        "TotalPoints":  20,
        "Comments":  "OK",
        "Category":  "SSI",
        "Difficulty":  "easy",
        "Examiner":  "labubu",
        "ExamDate":  "2025-08-06 21:35:11"
    },
    {
        "Timestamp":  "2025-08-06T22:40:17.0886904+02:00",
        "ExamID":  "08299884-027b-4c6e-8ba3-668f9c405750",
        "ExamineeID":  "wm24235",
        "QuestionID":  "UP5NKY",
        "InputType":  true,
        "ListEntry":  true,
        "Rationale":  true,
        "Disposition":  true,
        "Mishandle":  false,
        "Points":  4,
        "TotalPoints":  20,
        "Comments":  "Makapaka",
        "Category":  "525",
        "Difficulty":  "hard",
        "Examiner":  "labubu",
        "ExamDate":  "2025-08-06 21:35:11"
    },
    {
        "Timestamp":  "2025-08-06T22:40:17.0886904+02:00",
        "ExamID":  "08299884-027b-4c6e-8ba3-668f9c405750",
        "ExamineeID":  "wm24235",
        "QuestionID":  "S838BC",
        "InputType":  true,
        "ListEntry":  true,
        "Rationale":  true,
        "Disposition":  true,
        "Mishandle":  false,
        "Points":  4,
        "TotalPoints":  20,
        "Comments":  "OK",
        "Category":  "SSI",
        "Difficulty":  "easy",
        "Examiner":  "labubu",
        "ExamDate":  "2025-08-06 21:35:11"
    }
]
