﻿[
    {
        "AnswerID":  "c1e0378e-d032-4d57-9fe9-423b8636348c",
        "QuestionID":  "RX954E",
        "AnswerText":  "Tested",
        "Timestamp":  "2025-07-30T18:34:43.2987778+02:00"
    },
    {
        "AnswerID":  "6fc47732-6695-42c5-bb4f-aa7edfc2d690",
        "QuestionID":  "LMCMAL",
        "AnswerText":  "Test",
        "Timestamp":  "2025-07-25T20:58:25.3416584+02:00"
    },
    {
        "AnswerID":  "26e09a3e-a791-47d9-b25d-5e0f24e51902",
        "QuestionID":  "UP5NKY",
        "AnswerText":  "Makapaka",
        "Timestamp":  "2025-07-31T20:31:46.0800408+02:00"
    },
    {
        "AnswerID":  "8fd29691-2b26-4d39-8073-0e7022efbd44",
        "QuestionID":  "NZ2ZV5",
        "AnswerText":  "Withdrawn",
        "Timestamp":  "2025-08-02T07:27:48.0318028+02:00"
    },
    {
        "AnswerID":  "92e635d0-9b64-4044-9844-89005d88e595",
        "QuestionID":  "SG9TNX",
        "AnswerText":  "Not So Dark. Different name components. Inexact.",
        "Timestamp":  "2025-08-07T06:37:54.6726482+02:00",
        "InputType":  "Place/Location",
        "ListEntryType":  "Place/Location",
        "Disposition":  "Positive Match - Licensed or Exempt"
    },
    {
        "AnswerID":  "e6e1818c-5df4-41cb-8d88-8a3dcfeddf69",
        "QuestionID":  "DWAE2F",
        "AnswerText":  "Test answer, no dropdowns",
        "Timestamp":  "2025-08-06T22:31:24.0177066+02:00",
        "InputType":  "",
        "ListEntryType":  "",
        "Disposition":  ""
    }
]
