﻿[
    {
        "ExamID":  "08299884-027b-4c6e-8ba3-668f9c405750",
        "Timestamp":  "2025-08-06 21:35:11",
        "Examiner":  "labubu",
        "Examinee":  "wm24235",
        "Comment":  "",
        "Questions":  "SG9TNX, DWAE2F, S37JJB, UP5NKY, S838BC",
        "PDFFile":  "Exams/wm24235/cert.practical.exam_wm24235_06.08.25.bat"
    },
    {
        "ExamID":  "25794adc-b079-4fdd-876b-a743a19ca9c3",
        "Timestamp":  "2025-08-06 22:56:03",
        "Examiner":  "Adrian",
        "Examinee":  "Wiktoria",
        "Comment":  "",
        "Questions":  "S838BC, DWAE2F, UP5NKY, SG9TNX, S37JJB",
        "PDFFile":  "Exams/Wiktoria/cert.practical.exam_Wiktoria_06.08.25.bat"
    },
    {
        "ExamID":  "095bd7dc-54dd-4e82-aecd-799ef6a435e0",
        "Timestamp":  "2025-08-07 06:35:30",
        "Examiner":  "Adrian",
        "Examinee":  "wojtek",
        "Comment":  "",
        "Questions":  "S838BC, DWAE2F, UP5NKY, SG9TNX, S37JJB",
        "PDFFile":  "Exams/wojtek/cert.practical.exam_wojtek_07.08.25.bat"
    }
]
