﻿[
    {
        "PresetID":  "2a4164e4-11fa-45ad-a318-7e66ab22afac",
        "Name":  "ABC",
        "Timestamp":  "2025-07-16T20:05:51.6436403+02:00",
        "QuestionCount":  20,
        "Conditions":  [
                           {
                               "type":  "category",
                               "field":  "320",
                               "operator":  "=",
                               "required":  1
                           }
                       ]
    },
    {
        "PresetID":  "a1284867-1cd5-467a-b9ec-9604853a24c7",
        "Name":  "BCA",
        "Timestamp":  "2025-07-16T20:06:02.4600974+02:00",
        "QuestionCount":  20,
        "Conditions":  [
                           {
                               "type":  "category",
                               "field":  "320",
                               "operator":  "=",
                               "required":  1
                           },
                           {
                               "type":  "category",
                               "field":  "295",
                               "operator":  "\u003e",
                               "required":  1
                           }
                       ]
    },
    {
        "PresetID":  "85b979f0-6a2d-4c53-8938-bd367c43194e",
        "Name":  "DFA",
        "Timestamp":  "2025-07-16T20:06:19.3438083+02:00",
        "QuestionCount":  20,
        "Conditions":  [
                           {
                               "type":  "category",
                               "field":  "320",
                               "operator":  "=",
                               "required":  1
                           },
                           {
                               "type":  "category",
                               "field":  "295",
                               "operator":  "\u003e",
                               "required":  1
                           },
                           {
                               "type":  "difficulty",
                               "field":  "hard",
                               "operator":  "\u003c",
                               "required":  5
                           }
                       ]
    }
]
