﻿[
    {
        "timestamp":  "2025-08-12T01:29:19.3047192+02:00",
        "message":  "as84893 deleted exclusion rule: BBB \u003c-\u003e QQQ"
    },
    {
        "timestamp":  "2025-08-12T01:31:05.4309048+02:00",
        "message":  "as84893 downloaded exam for alepi"
    },
    {
        "timestamp":  "2025-08-12T08:51:39.6417240+02:00",
        "message":  "as84893 deleted exam data"
    },
    {
        "timestamp":  "2025-08-12T08:51:53.8787859+02:00",
        "message":  "as84893 edited answer to alert DWAE2F"
    },
    {
        "timestamp":  "2025-08-12T08:52:11.5041715+02:00",
        "message":  "as84893 edited answer to alert LMCMAL"
    },
    {
        "timestamp":  "2025-08-12T08:52:21.6238218+02:00",
        "message":  "as84893 edited answer to alert RX954E"
    },
    {
        "timestamp":  "2025-08-12T08:52:29.5429565+02:00",
        "message":  "as84893 edited answer to alert S37JJB"
    },
    {
        "timestamp":  "2025-08-12T08:53:15.1225890+02:00",
        "message":  "as84893 created exam for alepi"
    },
    {
        "timestamp":  "2025-08-12T08:53:20.4544368+02:00",
        "message":  "as84893 downloaded exam for alepi"
    },
    {
        "timestamp":  "2025-08-12T08:56:37.6236683+02:00",
        "message":  "as84893 edited answer to alert DWAE2F"
    },
    {
        "timestamp":  "2025-08-12T08:56:55.7741549+02:00",
        "message":  "as84893 edited answer to alert LMCMAL"
    },
    {
        "timestamp":  "2025-08-12T09:14:40.6811417+02:00",
        "message":  "as84893 edited answer to alert DWAE2F"
    },
    {
        "timestamp":  "2025-08-12T09:52:17.8180696+02:00",
        "message":  "as84893 edited answer to alert SG9TNX"
    },
    {
        "timestamp":  "2025-08-12T09:52:38.1304658+02:00",
        "message":  "as84893 edited answer to alert LMCMAL"
    },
    {
        "timestamp":  "2025-08-12T09:52:44.0871617+02:00",
        "message":  "as84893 edited answer to alert DWAE2F"
    },
    {
        "timestamp":  "2025-08-12T09:53:23.9717060+02:00",
        "message":  "as84893 assessed exam of alepi"
    }
]
