﻿[
    {
        "Timestamp":  "2025-08-12T01:20:41.5714797+02:00",
        "ExamID":  "7fe443a3-b231-405b-b6b4-4112a85fd18c",
        "ExamineeID":  "alepi",
        "QuestionID":  "SNMJLA",
        "InputType":  true,
        "ListEntry":  true,
        "Rationale":  true,
        "Disposition":  true,
        "Mishandle":  false,
        "Points":  4,
        "TotalPoints":  16,
        "Comments":  "OK",
        "Category":  "Potential Mishandle",
        "Difficulty":  "easy",
        "Examiner":  "Ola",
        "ExamDate":  "2025-08-12 01:19:14"
    },
    {
        "Timestamp":  "2025-08-12T01:20:41.5714797+02:00",
        "ExamID":  "7fe443a3-b231-405b-b6b4-4112a85fd18c",
        "ExamineeID":  "alepi",
        "QuestionID":  "3J3QU7",
        "InputType":  true,
        "ListEntry":  true,
        "Rationale":  true,
        "Disposition":  true,
        "Mishandle":  false,
        "Points":  4,
        "TotalPoints":  16,
        "Comments":  "OK",
        "Category":  "SSI",
        "Difficulty":  "easy",
        "Examiner":  "Ola",
        "ExamDate":  "2025-08-12 01:19:14"
    },
    {
        "Timestamp":  "2025-08-12T01:20:41.5724762+02:00",
        "ExamID":  "7fe443a3-b231-405b-b6b4-4112a85fd18c",
        "ExamineeID":  "alepi",
        "QuestionID":  "LMCMAL",
        "InputType":  true,
        "ListEntry":  true,
        "Rationale":  true,
        "Disposition":  true,
        "Mishandle":  false,
        "Points":  4,
        "TotalPoints":  16,
        "Comments":  "OK",
        "Category":  "SSI",
        "Difficulty":  "easy",
        "Examiner":  "Ola",
        "ExamDate":  "2025-08-12 01:19:14"
    },
    {
        "Timestamp":  "2025-08-12T01:20:41.5734779+02:00",
        "ExamID":  "7fe443a3-b231-405b-b6b4-4112a85fd18c",
        "ExamineeID":  "alepi",
        "QuestionID":  "RX954E",
        "InputType":  true,
        "ListEntry":  true,
        "Rationale":  true,
        "Disposition":  true,
        "Mishandle":  false,
        "Points":  4,
        "TotalPoints":  16,
        "Comments":  "OK",
        "Category":  "SSI",
        "Difficulty":  "easy",
        "Examiner":  "Ola",
        "ExamDate":  "2025-08-12 01:19:14"
    },
    {
        "Timestamp":  "2025-08-12T01:23:39.9127035+02:00",
        "ExamID":  "63ec0fcf-5412-42bb-9ecc-58c018186ca3",
        "ExamineeID":  "muki",
        "QuestionID":  "SNMJLA",
        "InputType":  true,
        "ListEntry":  true,
        "Rationale":  true,
        "Disposition":  true,
        "Mishandle":  false,
        "Points":  4,
        "TotalPoints":  16,
        "Comments":  "Place/Location vs Place/Location | Hold\nTest",
        "Category":  "Potential Mishandle",
        "Difficulty":  "easy",
        "Examiner":  "Ola",
        "ExamDate":  "2025-08-12 01:23:06"
    },
    {
        "Timestamp":  "2025-08-12T01:23:39.9130646+02:00",
        "ExamID":  "63ec0fcf-5412-42bb-9ecc-58c018186ca3",
        "ExamineeID":  "muki",
        "QuestionID":  "3J3QU7",
        "InputType":  true,
        "ListEntry":  true,
        "Rationale":  true,
        "Disposition":  true,
        "Mishandle":  false,
        "Points":  4,
        "TotalPoints":  16,
        "Comments":  "N/A",
        "Category":  "SSI",
        "Difficulty":  "easy",
        "Examiner":  "Ola",
        "ExamDate":  "2025-08-12 01:23:06"
    },
    {
        "Timestamp":  "2025-08-12T01:23:39.9177240+02:00",
        "ExamID":  "63ec0fcf-5412-42bb-9ecc-58c018186ca3",
        "ExamineeID":  "muki",
        "QuestionID":  "RX954E",
        "InputType":  true,
        "ListEntry":  true,
        "Rationale":  true,
        "Disposition":  true,
        "Mishandle":  false,
        "Points":  4,
        "TotalPoints":  16,
        "Comments":  "Tested",
        "Category":  "SSI",
        "Difficulty":  "easy",
        "Examiner":  "Ola",
        "ExamDate":  "2025-08-12 01:23:06"
    },
    {
        "Timestamp":  "2025-08-12T01:23:39.9218054+02:00",
        "ExamID":  "63ec0fcf-5412-42bb-9ecc-58c018186ca3",
        "ExamineeID":  "muki",
        "QuestionID":  "LMCMAL",
        "InputType":  true,
        "ListEntry":  true,
        "Rationale":  true,
        "Disposition":  true,
        "Mishandle":  false,
        "Points":  4,
        "TotalPoints":  16,
        "Comments":  "OK",
        "Category":  "SSI",
        "Difficulty":  "easy",
        "Examiner":  "Ola",
        "ExamDate":  "2025-08-12 01:23:06"
    },
    {
        "Timestamp":  "2025-08-12T09:53:23.5788649+02:00",
        "ExamID":  "ea61b27a-ed21-4702-8b8f-c100f8475a1e",
        "ExamineeID":  "alepi",
        "QuestionID":  "DWAE2F",
        "InputType":  true,
        "ListEntry":  true,
        "Rationale":  true,
        "Disposition":  true,
        "Mishandle":  false,
        "Points":  4,
        "TotalPoints":  16,
        "Comments":  "OK",
        "Category":  "SSI",
        "Difficulty":  "easy",
        "Examiner":  "Kiwi",
        "ExamDate":  "2025-08-12 08:53:15"
    },
    {
        "Timestamp":  "2025-08-12T09:53:23.7247316+02:00",
        "ExamID":  "ea61b27a-ed21-4702-8b8f-c100f8475a1e",
        "ExamineeID":  "alepi",
        "QuestionID":  "LMCMAL",
        "InputType":  true,
        "ListEntry":  true,
        "Rationale":  true,
        "Disposition":  true,
        "Mishandle":  false,
        "Points":  4,
        "TotalPoints":  16,
        "Comments":  "OK",
        "Category":  "SSI",
        "Difficulty":  "easy",
        "Examiner":  "Kiwi",
        "ExamDate":  "2025-08-12 08:53:15"
    },
    {
        "Timestamp":  "2025-08-12T09:53:23.7408169+02:00",
        "ExamID":  "ea61b27a-ed21-4702-8b8f-c100f8475a1e",
        "ExamineeID":  "alepi",
        "QuestionID":  "RX954E",
        "InputType":  true,
        "ListEntry":  true,
        "Rationale":  true,
        "Disposition":  true,
        "Mishandle":  false,
        "Points":  4,
        "TotalPoints":  16,
        "Comments":  "OK",
        "Category":  "SSI",
        "Difficulty":  "easy",
        "Examiner":  "Kiwi",
        "ExamDate":  "2025-08-12 08:53:15"
    },
    {
        "Timestamp":  "2025-08-12T09:53:23.7879269+02:00",
        "ExamID":  "ea61b27a-ed21-4702-8b8f-c100f8475a1e",
        "ExamineeID":  "alepi",
        "QuestionID":  "SG9TNX",
        "InputType":  true,
        "ListEntry":  true,
        "Rationale":  true,
        "Disposition":  true,
        "Mishandle":  false,
        "Points":  4,
        "TotalPoints":  16,
        "Comments":  "OK",
        "Category":  "10",
        "Difficulty":  "easy",
        "Examiner":  "Kiwi",
        "ExamDate":  "2025-08-12 08:53:15"
    }
]
