﻿[
    {
        "AnswerID":  "c1e0378e-d032-4d57-9fe9-423b8636348c",
        "QuestionID":  "RX954E",
        "AnswerText":  "Tested",
        "Timestamp":  "2025-08-12T08:52:21.5722545+02:00",
        "InputType":  "Vessel/Aircraft",
        "ListEntryType":  "Vessel/Aircraft",
        "Disposition":  "False Match"
    },
    {
        "AnswerID":  "6fc47732-6695-42c5-bb4f-aa7edfc2d690",
        "QuestionID":  "LMCMAL",
        "AnswerText":  "Test",
        "Timestamp":  "2025-08-12T09:52:38.1185503+02:00",
        "InputType":  "Entity",
        "ListEntryType":  "Entity",
        "Disposition":  "False Match"
    },
    {
        "AnswerID":  "26e09a3e-a791-47d9-b25d-5e0f24e51902",
        "QuestionID":  "UP5NKY",
        "AnswerText":  "Makapaka",
        "Timestamp":  "2025-08-11T22:24:22.3679877+02:00",
        "InputType":  "Individual",
        "ListEntryType":  "Place/Location",
        "Disposition":  "Escalation"
    },
    {
        "AnswerID":  "8fd29691-2b26-4d39-8073-0e7022efbd44",
        "QuestionID":  "NZ2ZV5",
        "AnswerText":  "Withdrawn",
        "Timestamp":  "2025-08-02T07:27:48.0318028+02:00"
    },
    {
        "AnswerID":  "92e635d0-9b64-4044-9844-89005d88e595",
        "QuestionID":  "SG9TNX",
        "AnswerText":  "Not So Dark. Different name components. Inexact.",
        "Timestamp":  "2025-08-12T09:52:17.7934357+02:00",
        "InputType":  "Place/Location",
        "ListEntryType":  "Place/Location",
        "Disposition":  "False Match"
    },
    {
        "AnswerID":  "e6e1818c-5df4-41cb-8d88-8a3dcfeddf69",
        "QuestionID":  "DWAE2F",
        "AnswerText":  "Test answer, no dropdowns",
        "Timestamp":  "2025-08-12T09:52:44.0494586+02:00",
        "InputType":  "Individual",
        "ListEntryType":  "Individual",
        "Disposition":  "False Match"
    },
    {
        "AnswerID":  "18ada865-e87e-420f-99c7-d2d1e7d72786",
        "QuestionID":  "S37JJB",
        "AnswerText":  "Test",
        "Timestamp":  "2025-08-12T08:52:29.4524239+02:00",
        "InputType":  "Place/Location",
        "ListEntryType":  "Place/Location",
        "Disposition":  "False Match"
    },
    {
        "AnswerID":  "1b697653-2df2-460a-83e9-b657af43cb66",
        "QuestionID":  "N335V5",
        "AnswerText":  "Test",
        "Timestamp":  "2025-08-08T20:54:54.7831615+02:00",
        "InputType":  "Entity",
        "ListEntryType":  "Entity",
        "Disposition":  "Escalation"
    },
    {
        "AnswerID":  "e82d7db3-a2a6-4107-bc33-bda1ef48efb9",
        "QuestionID":  "SNMJLA",
        "AnswerText":  "Test",
        "Timestamp":  "2025-08-09T22:54:27.2850419+02:00",
        "InputType":  "Place/Location",
        "ListEntryType":  "Place/Location",
        "Disposition":  "Hold"
    }
]
