﻿[
    {
        "PresetID":  "2a4164e4-11fa-45ad-a318-7e66ab22afac",
        "Name":  "ABC",
        "Timestamp":  "2025-08-10T15:22:52.1031456+02:00",
        "QuestionCount":  20,
        "Conditions":  [
                           {
                               "type":  "category",
                               "field":  "10",
                               "operator":  "=",
                               "required":  1
                           }
                       ]
    },
    {
        "PresetID":  "4f4c2129-62f7-49e2-a557-5d3c1d776ab6",
        "Name":  "TEST",
        "Timestamp":  "2025-08-10T13:18:28.6035946+02:00",
        "QuestionCount":  14,
        "Conditions":  [
                           {
                               "type":  "category",
                               "field":  "Potential Mishandle",
                               "operator":  "\u003e",
                               "required":  1
                           },
                           {
                               "type":  "category",
                               "field":  "SSI",
                               "operator":  "\u003c",
                               "required":  11
                           }
                       ]
    }
]
