﻿[
    {
        "ExamID":  "82e860eb-ea49-4985-a08d-22f9b596e634",
        "ResponseString":  "{\"examId\":\"82e860eb-ea49-4985-a08d-22f9b596e634\",\"examinee\":\"Orange\",\"timestamp\":\"2025-07-20T10:57:35.876Z\",\"answers\":{\"9262PI\":{\"rationale\":\"makapaka\",\"inputType\":\"Individual\",\"listEntryType\":\"Individual\",\"disposition\":\"False Match\"},\"4567LI\":{\"rationale\":\"puki muki\",\"inputType\":\"Individual\",\"listEntryType\":\"Individual\",\"disposition\":\"False Match\"},\"T4J3QZ\":{\"rationale\":\"mokoforo\",\"inputType\":\"Individual\",\"listEntryType\":\"Individual\",\"disposition\":\"False Match\"}},\"integrity\":\"h1080891836\"}",
        "Timestamp":  "2025-07-20T12:58:03.6067536+02:00"
    },
    {
        "ExamID":  "547f53b2-5208-40a6-bdc3-9b27e1cec78d",
        "ResponseString":  "{\"examId\":\"547f53b2-5208-40a6-bdc3-9b27e1cec78d\",\"examinee\":\"Banana\",\"timestamp\":\"2025-07-20T11:04:46.996Z\",\"answers\":{\"9262PI\":{\"rationale\":\"asdasdd\",\"inputType\":\"Individual\",\"listEntryType\":\"Individual\",\"disposition\":\"False Match\"},\"4567LI\":{\"rationale\":\"asdadasd\",\"inputType\":\"Entity\",\"listEntryType\":\"Place\",\"disposition\":\"False Match\"},\"T4J3QZ\":{\"rationale\":\"asdasd\",\"inputType\":\"Individual\",\"listEntryType\":\"Individual\",\"disposition\":\"Positive Match - License or Exempt\"},\"XHCHX7\":{\"rationale\":\"faaaa\",\"inputType\":\"Individual\",\"listEntryType\":\"Individual\",\"disposition\":\"False Match\"},\"2W37LV\":{\"rationale\":\"idk\",\"inputType\":\"Individual\",\"listEntryType\":\"Individual\",\"disposition\":\"False Match\"}},\"integrity\":\"h44264861\"}",
        "Timestamp":  "2025-07-20T13:05:17.0063318+02:00"
    },
    {
        "ExamID":  "36e357d1-c950-49bc-8d74-b4e1d37b67c4",
        "ResponseString":  "{\"examId\":\"36e357d1-c950-49bc-8d74-b4e1d37b67c4\",\"examinee\":\"Mango\",\"timestamp\":\"2025-07-20T16:04:36.696Z\",\"answers\":{\"2W37LV\":{\"rationale\":\"#275\",\"inputType\":\"Individual\",\"listEntryType\":\"Individual\",\"disposition\":\"False Match\"},\"XHCHX7\":{\"rationale\":\"#283\",\"inputType\":\"Individual\",\"listEntryType\":\"Individual\",\"disposition\":\"False Match\"},\"T4J3QZ\":{\"rationale\":\"#10\",\"inputType\":\"Place\",\"listEntryType\":\"Place\",\"disposition\":\"Positive Match - License or Exempt\"},\"9262PI\":{\"rationale\":\"#239\",\"inputType\":\"Other\",\"listEntryType\":\"Vessel/Aircraft\",\"disposition\":\"False Match\"},\"4567LI\":{\"rationale\":\"Different IMO. Cited in the payment.\",\"inputType\":\"Vessel/Aircraft\",\"listEntryType\":\"Vessel/Aircraft\",\"disposition\":\"False Match\"}},\"integrity\":\"h878834078\"}",
        "Timestamp":  "2025-07-20T18:05:16.0368000+02:00"
    },
    {
        "ExamID":  "11b51d14-1a53-4371-bfe9-5c731d633643",
        "ResponseString":  "{\"examId\":\"11b51d14-1a53-4371-bfe9-5c731d633643\",\"examinee\":\"Kiwi\",\"timestamp\":\"2025-07-20T20:12:28.936Z\",\"answers\":{\"2W37LV\":{\"rationale\":\"#275\",\"inputType\":\"Individual\",\"listEntryType\":\"Individual\",\"disposition\":\"False Match\"},\"XHCHX7\":{\"rationale\":\"#280\",\"inputType\":\"Entity\",\"listEntryType\":\"Entity\",\"disposition\":\"False Match\"},\"T4J3QZ\":{\"rationale\":\"Hold\",\"inputType\":\"Entity\",\"listEntryType\":\"Entity\",\"disposition\":\"False Match\"},\"4567LI\":{\"rationale\":\"#239\",\"inputType\":\"Other\",\"listEntryType\":\"Vessel/Aircraft\",\"disposition\":\"False Match\"},\"9262PI\":{\"rationale\":\"#44\",\"inputType\":\"Place\",\"listEntryType\":\"Place\",\"disposition\":\"Positive Match - License or Exempt\"}},\"integrity\":\"h1220964352\"}",
        "Timestamp":  "2025-07-20T22:12:51.5378280+02:00"
    },
    {
        "ExamID":  "fa2b7488-09f9-4b20-ac05-807e180958c0",
        "ResponseString":  "{\"examId\":\"fa2b7488-09f9-4b20-ac05-807e180958c0\",\"examinee\":\"as84893\",\"timestamp\":\"2025-07-21T17:41:49.320Z\",\"answers\":{\"9262PI\":{\"rationale\":\"#203\",\"inputType\":\"Individual\",\"listEntryType\":\"Entity\",\"disposition\":\"False Match\"},\"2W37LV\":{\"rationale\":\"#280\",\"inputType\":\"Entity\",\"listEntryType\":\"Entity\",\"disposition\":\"False Match\"},\"XHCHX7\":{\"rationale\":\"#10\",\"inputType\":\"Place\",\"listEntryType\":\"Place\",\"disposition\":\"Positive Match - License or Exempt\"},\"T4J3QZ\":{\"rationale\":\"#239\",\"inputType\":\"Other\",\"listEntryType\":\"Vessel/Aircraft\",\"disposition\":\"False Match\"},\"4567LI\":{\"rationale\":\"#283\",\"inputType\":\"Individual\",\"listEntryType\":\"Individual\",\"disposition\":\"False Match\"}},\"integrity\":\"h1602626214\"}",
        "Timestamp":  "2025-07-21T19:42:18.7979946+02:00"
    },
    {
        "ExamID":  "226b547f-8fed-40a3-a26e-865d9ccf25dc",
        "ResponseString":  "{\"examId\":\"226b547f-8fed-40a3-a26e-865d9ccf25dc\",\"examinee\":\"Kiwi\",\"timestamp\":\"2025-07-21T21:05:36.362Z\",\"answers\":{\"9262PI\":{\"rationale\":\"#275\",\"inputType\":\"Individual\",\"listEntryType\":\"Individual\",\"disposition\":\"False Match\"},\"2W37LV\":{\"rationale\":\"#280\",\"inputType\":\"Entity\",\"listEntryType\":\"Entity\",\"disposition\":\"False Match\"},\"XHCHX7\":{\"rationale\":\"#239\",\"inputType\":\"Other\",\"listEntryType\":\"Vessel/Aircraft\",\"disposition\":\"False Match\"},\"T4J3QZ\":{\"rationale\":\"#295\",\"inputType\":\"Entity\",\"listEntryType\":\"Place\",\"disposition\":\"Positive Match - Out of Scope\"},\"4567LI\":{\"rationale\":\"#44\",\"inputType\":\"Place\",\"listEntryType\":\"Place\",\"disposition\":\"Positive Match - License or Exempt\"}},\"integrity\":\"h1772346379\"}",
        "Timestamp":  "2025-07-21T23:06:08.3738172+02:00"
    },
    {
        "ExamID":  "5fc7c4ca-9c2e-455f-bcad-959e7b150747",
        "ResponseString":  "{\"examId\":\"5fc7c4ca-9c2e-455f-bcad-959e7b150747\",\"examinee\":\"lafufu\",\"timestamp\":\"2025-07-22T20:13:51.659Z\",\"answers\":{\"4567LI\":{\"rationale\":\"#280\",\"inputType\":\"Entity\",\"listEntryType\":\"Entity\",\"disposition\":\"False Match\"},\"T4J3QZ\":{\"rationale\":\"#275\",\"inputType\":\"Individual\",\"listEntryType\":\"Individual\",\"disposition\":\"False Match\"},\"9262PI\":{\"rationale\":\"#10\",\"inputType\":\"Place\",\"listEntryType\":\"Place\",\"disposition\":\"Positive Match - License or Exempt\"},\"XHCHX7\":{\"rationale\":\"#239\",\"inputType\":\"Other\",\"listEntryType\":\"Vessel/Aircraft\",\"disposition\":\"False Match\"},\"2W37LV\":{\"rationale\":\"#283\",\"inputType\":\"Individual\",\"listEntryType\":\"Individual\",\"disposition\":\"False Match\"}},\"integrity\":\"h589267674\"}",
        "Timestamp":  "2025-07-22T22:15:50.1948180+02:00"
    },
    {
        "ExamID":  "25794adc-b079-4fdd-876b-a743a19ca9c3",
        "ResponseString":  "{\"examId\":\"25794adc-b079-4fdd-876b-a743a19ca9c3\",\"examinee\":\"Wiktoria\",\"timestamp\":\"2025-08-07T04:34:35.546Z\",\"answers\":{\"S838BC\":{\"rationale\":\"#281\",\"inputType\":\"Entity\",\"listEntryType\":\"Entity\",\"disposition\":\"False Match\"},\"DWAE2F\":{\"rationale\":\"#275\",\"inputType\":\"Individual\",\"listEntryType\":\"Individual\",\"disposition\":\"False Match\"},\"UP5NKY\":{\"rationale\":\"#239\",\"inputType\":\"Other\",\"listEntryType\":\"Vessel/Aircraft\",\"disposition\":\"False Match\"},\"SG9TNX\":{\"rationale\":\"#10\",\"inputType\":\"Place/Location\",\"listEntryType\":\"Place/Location\",\"disposition\":\"Positive Match - Licensed or Exempt\"},\"S37JJB\":{\"rationale\":\"#295\",\"inputType\":\"Entity\",\"listEntryType\":\"Place/Location\",\"disposition\":\"Positive Match - Out of Scope\"}},\"integrity\":\"h737031043\"}",
        "Timestamp":  "2025-08-07T06:34:49.2572980+02:00"
    },
    {
        "ExamID":  "095bd7dc-54dd-4e82-aecd-799ef6a435e0",
        "ResponseString":  "{\"examId\":\"095bd7dc-54dd-4e82-aecd-799ef6a435e0\",\"examinee\":\"Wiktoria\",\"timestamp\":\"2025-08-07T04:34:35.546Z\",\"answers\":{\"S838BC\":{\"rationale\":\"#281\",\"inputType\":\"Entity\",\"listEntryType\":\"Entity\",\"disposition\":\"False Match\"},\"DWAE2F\":{\"rationale\":\"#275\",\"inputType\":\"Individual\",\"listEntryType\":\"Individual\",\"disposition\":\"False Match\"},\"UP5NKY\":{\"rationale\":\"#239\",\"inputType\":\"Other\",\"listEntryType\":\"Vessel/Aircraft\",\"disposition\":\"False Match\"},\"SG9TNX\":{\"rationale\":\"#10\",\"inputType\":\"Place/Location\",\"listEntryType\":\"Place/Location\",\"disposition\":\"Positive Match - Licensed or Exempt\"},\"S37JJB\":{\"rationale\":\"#295\",\"inputType\":\"Entity\",\"listEntryType\":\"Place/Location\",\"disposition\":\"Positive Match - Out of Scope\"}},\"integrity\":\"h737031043\"}",
        "Timestamp":  "2025-08-07T06:36:08.4445795+02:00"
    },
    {
        "ExamID":  "665368f5-01fc-4cdc-bcce-97bb9824adf2",
        "ResponseString":  "{\"examId\":\"665368f5-01fc-4cdc-bcce-97bb9824adf2\",\"examinee\":\"as84893\",\"timestamp\":\"2025-08-07T22:00:00.064Z\",\"answers\":{\"SG9TNX\":{\"rationale\":\"\",\"inputType\":\"\",\"listEntryType\":\"\",\"disposition\":\"\"},\"DWAE2F\":{\"rationale\":\"\",\"inputType\":\"\",\"listEntryType\":\"\",\"disposition\":\"\"},\"S37JJB\":{\"rationale\":\"\",\"inputType\":\"\",\"listEntryType\":\"\",\"disposition\":\"\"},\"UP5NKY\":{\"rationale\":\"Makapaka\",\"inputType\":\"\",\"listEntryType\":\"Entity\",\"disposition\":\"\"},\"S838BC\":{\"rationale\":\"Tutifruti\",\"inputType\":\"\",\"listEntryType\":\"\",\"disposition\":\"Escalation\"}},\"integrity\":\"h939778001\"}",
        "Timestamp":  "2025-08-08T00:00:08.5254380+02:00"
    },
    {
        "ExamID":  "a1b3d5eb-833c-44f2-928f-519b2bd49e59",
        "ResponseString":  "{\"examId\":\"a1b3d5eb-833c-44f2-928f-519b2bd49e59\",\"examinee\":\"alepi\",\"timestamp\":\"2025-08-09T14:18:09.869Z\",\"answers\":{\"RX954E\":{\"rationale\":\"\",\"inputType\":\"Individual\",\"listEntryType\":\"Individual\",\"disposition\":\"False Match\"}},\"integrity\":\"h187321413\"}",
        "Timestamp":  "2025-08-09T16:18:37.2718543+02:00"
    },
    {
        "ExamID":  "a13f43c2-15b4-4bd5-9131-a0e14f37b701",
        "ResponseString":  "{\"examId\":\"a13f43c2-15b4-4bd5-9131-a0e14f37b701\",\"examinee\":\"as84893\",\"timestamp\":\"2025-08-09T14:23:26.354Z\",\"answers\":{\"GZHSE5\":{\"rationale\":\"\",\"inputType\":\"Individual\",\"listEntryType\":\"Individual\",\"disposition\":\"False Match\"},\"S37JJB\":{\"rationale\":\"\",\"inputType\":\"Individual\",\"listEntryType\":\"Individual\",\"disposition\":\"Positive Match - Licensed or Exempt\"},\"SM52X9\":{\"rationale\":\"\",\"inputType\":\"Entity\",\"listEntryType\":\"Entity\",\"disposition\":\"Escalation\"},\"CULHZ2\":{\"rationale\":\"\",\"inputType\":\"Other\",\"listEntryType\":\"Entity\",\"disposition\":\"False Match\"},\"UP5NKY\":{\"rationale\":\"\",\"inputType\":\"Vessel/Aircraft\",\"listEntryType\":\"Vessel/Aircraft\",\"disposition\":\"Hold\"},\"5L8T8N\":{\"rationale\":\"\",\"inputType\":\"Individual\",\"listEntryType\":\"Individual\",\"disposition\":\"Hold\"},\"KLKVYX\":{\"rationale\":\"\",\"inputType\":\"Vessel/Aircraft\",\"listEntryType\":\"Vessel/Aircraft\",\"disposition\":\"Escalation\"},\"YQQ92N\":{\"rationale\":\"\",\"inputType\":\"Individual\",\"listEntryType\":\"Other\",\"disposition\":\"Escalation\"},\"YEBXHK\":{\"rationale\":\"\",\"inputType\":\"Other\",\"listEntryType\":\"Other\",\"disposition\":\"False Match\"},\"3J3QU7\":{\"rationale\":\"\",\"inputType\":\"Other\",\"listEntryType\":\"Individual\",\"disposition\":\"Positive Match - Licensed or Exempt\"},\"SNMJLA\":{\"rationale\":\"\",\"inputType\":\"Individual\",\"listEntryType\":\"Individual\",\"disposition\":\"Positive Match - Out of Scope\"},\"3RQLYK\":{\"rationale\":\"\",\"inputType\":\"Place/Location\",\"listEntryType\":\"Place/Location\",\"disposition\":\"Escalation\"},\"DWAE2F\":{\"rationale\":\"\",\"inputType\":\"Entity\",\"listEntryType\":\"Other\",\"disposition\":\"False Match\"},\"S838BC\":{\"rationale\":\"\",\"inputType\":\"Vessel/Aircraft\",\"listEntryType\":\"Place/Location\",\"disposition\":\"Escalation\"},\"MGPB7R\":{\"rationale\":\"\",\"inputType\":\"Entity\",\"listEntryType\":\"Unknown\",\"disposition\":\"Positive Match - Out of Scope\"},\"SG9TNX\":{\"rationale\":\"\",\"inputType\":\"Vessel/Aircraft\",\"listEntryType\":\"Place/Location\",\"disposition\":\"Positive Match - Out of Scope\"},\"RX954E\":{\"rationale\":\"\",\"inputType\":\"Other\",\"listEntryType\":\"Entity\",\"disposition\":\"Hold\"},\"687UQQ\":{\"rationale\":\"\",\"inputType\":\"Individual\",\"listEntryType\":\"Individual\",\"disposition\":\"Positive Match - Out of Scope\"},\"QS354W\":{\"rationale\":\"\",\"inputType\":\"Place/Location\",\"listEntryType\":\"Vessel/Aircraft\",\"disposition\":\"Escalation\"},\"LMCMAL\":{\"rationale\":\"\",\"inputType\":\"Entity\",\"listEntryType\":\"Vessel/Aircraft\",\"disposition\":\"Positive Match - Out of Scope\"}},\"integrity\":\"h148025978\"}",
        "Timestamp":  "2025-08-09T16:23:40.8747699+02:00"
    },
    {
        "ExamID":  "970f4136-9e6a-4b33-a3a8-3f36b170e0be",
        "ResponseString":  "{\"examId\":\"970f4136-9e6a-4b33-a3a8-3f36b170e0be\",\"examinee\":\"muki\",\"timestamp\":\"2025-08-11T20:24:40.792Z\",\"answers\":{\"YQQ92N\":{\"rationale\":\"\",\"inputType\":\"\",\"listEntryType\":\"\",\"disposition\":\"\"},\"SM52X9\":{\"rationale\":\"\",\"inputType\":\"\",\"listEntryType\":\"\",\"disposition\":\"\"},\"YEBXHK\":{\"rationale\":\"\",\"inputType\":\"\",\"listEntryType\":\"\",\"disposition\":\"\"},\"GZHSE5\":{\"rationale\":\"\",\"inputType\":\"\",\"listEntryType\":\"\",\"disposition\":\"\"},\"5L8T8N\":{\"rationale\":\"\",\"inputType\":\"\",\"listEntryType\":\"\",\"disposition\":\"\"},\"S37JJB\":{\"rationale\":\"\",\"inputType\":\"\",\"listEntryType\":\"\",\"disposition\":\"\"},\"UP5NKY\":{\"rationale\":\"Escalate\",\"inputType\":\"Individual\",\"listEntryType\":\"Place/Location\",\"disposition\":\"Escalation\"},\"687UQQ\":{\"rationale\":\"\",\"inputType\":\"\",\"listEntryType\":\"\",\"disposition\":\"\"},\"LMCMAL\":{\"rationale\":\"\",\"inputType\":\"\",\"listEntryType\":\"\",\"disposition\":\"\"},\"CULHZ2\":{\"rationale\":\"\",\"inputType\":\"\",\"listEntryType\":\"\",\"disposition\":\"\"}},\"integrity\":\"h2048670798\"}",
        "Timestamp":  "2025-08-11T22:25:07.6866272+02:00"
    },
    {
        "ExamID":  "ea61b27a-ed21-4702-8b8f-c100f8475a1e",
        "ResponseString":  "{\"examId\":\"ea61b27a-ed21-4702-8b8f-c100f8475a1e\",\"examinee\":\"alepi\",\"timestamp\":\"2025-08-12T06:54:27.964Z\",\"answers\":{\"DWAE2F\":{\"rationale\":\"OK\",\"inputType\":\"Individual\",\"listEntryType\":\"Individual\",\"disposition\":\"False Match\"},\"LMCMAL\":{\"rationale\":\"OK\",\"inputType\":\"Entity\",\"listEntryType\":\"Entity\",\"disposition\":\"False Match\"},\"RX954E\":{\"rationale\":\"OK\",\"inputType\":\"Vessel/Aircraft\",\"listEntryType\":\"Vessel/Aircraft\",\"disposition\":\"False Match\"},\"SG9TNX\":{\"rationale\":\"OK\",\"inputType\":\"Place/Location\",\"listEntryType\":\"Place/Location\",\"disposition\":\"False Match\"}},\"integrity\":\"h1283883806\"}",
        "Timestamp":  "2025-08-12T08:55:11.5889283+02:00"
    }
]
